title,label
National Federation of Independent Business,1
comments in Fayetteville NC,1
"Romney makes pitch, hoping to close deal : Elections : The Rocky Mountain News",1
Democratic Leaders Say House Democrats Are United Against GOP Default Act,1
"Budget of the United States Government, FY 2008",1
Donald Trump exaggerates when he says China has 'total control' over North Korea,1
25th Amendment,1
子供たちのコト。私のコト。,1
"Briefing by White House Press Secretary Robert Gibbs, 9/10/09",1
A Solar Grand Plan: Scientific American,1
Covering Young Adults Under the Affordable Care Act: The Importance of Outreach and Medicaid Expansion,1
"Harry Reid Says GOP Should ""Stop Crying"" About Reconciliation",1
Political TV Ad Archive » PolAd,1
Bureau of Labor Statistics Data,1
Summary of the Affordable Care Act,1
'This Week' Transcript: Holder and Giuliani,1
Impeachment Talk Becomes a Cynical Game,1
Preventing the Flu: Good Health Habits Can Help Stop Germs,1
Las Vegas campaign rally,1
MoveOn.org Political Action: 10 things to know about McCain,1
Rand Paul Campaigns in Iowa for Miller-Meeks,1
Hispanic Populations Share of Wealth Likely to Increase by 2025,1
Hillary Clinton says guns exceed next nine categories as leading cause of death for young black men,1
Already a lost decade: Working-age household income down more than 10% since 2000,1
U.S. Senate: Supreme Court Nominations: present-1789,1
PolitiFact’s annotated transcript of the second presidential debate,1
Obamas comments on capandtrade costs,1
Des Moines Register,1
The Tonight Show with Jay Leno,1
'This Week' Transcript: Pelosi and Gates,1
Losing Ground Foreclosures in the Subprime Market and Their Cost to Homeowners,1
Joint DHS and ODNI Election Security Statement,1
U.S. Senate: U.S. Senate Roll Call Votes 110th Congress,1
Palin-Huey,1
"Employment, Hours, and Earnings from the Current Employment Statistics survey (National) Home Page",1
"No, We Can’t? Or Won’t?",1
Barack Obama’s Remarks in St. Paul,1
letter to Chaffetz and Cummings,1
The Arena - Politico's daily debate with policymakers and opinion shapers,1
The Economic Burden Caused by Tax Code Complexity,1
McDonnell Letter Urges No Delay in Virginia Offshore Energy Exploration and Development,1
"To young people who are undocumented: This is your country, too.",1
Transcript of AP interview with Trump,1
Change We Can Believe In,1
Infrastructure Report Card 2005,1
"GOP Task Force, Lone Democrat Eye Trafficking Law",1
Dr. James Dobson,1
McCain: McSame as Bush,1
john.he.is,1
Remarks on counterterrorism at Stanford University,1
iQ media Clip Player,1
Remarks by the President on Increasing Oversight on Manipulation in Oil Markets,1
U.S. Army's Involvement in Motorsports,1
"UN Refugee Agency welcomes arrival of 10,000th Syrian refugee resettled to United States",1
Watch a replay of Fox News' 5 p.m. presidential debate,1
It’s Time for the Senate to Do Its Job – Congressman Mike Honda – Medium,1
"Ralph Nader on Barack Obama: ""It is Quite Clear He is a Corporate Candidate from A to Z""",1
Marco Rubio says Ted Cruz voted for defense cuts in Rand Paul's budget proposal,1
Births: Preliminary Data for 2005,1
Congress: Job Ratings,1
"Before leaving governor’s office in 2006, Mitt Romney’s staff eliminated e-mail records",1
"Transcript: The Democratic debate in Milwaukee, annotated",1
"Crist has experience to be vice president, McCain says",1
Strong Words in Ohio as Obama and Clinton Press On,1
LexisNexis(R) Publisher,1
“Dictionary” on President Obama’s Health Care Taxes,1
Memory Lapse? Trump Seeks Distance From 'Advisor' With Past Ties to Mafia,1
Gross Domestic Product Percent change from preceding period,1
Who Benefits from President Trump’s Child Care Proposals,1
Organizing for Action,1
2008 Presidential Election,1
The Return of the Viral Email,1
'This Week' Transcript: Rep. Paul Ryan,1
International Energy Statistics,1
Interview with Sen John McCain,1
Obama campaign radio ad,1
Remarks by the President on a New Strategy for Afghanistan and Pakistan,1
"At Trump hotel site, immigrant workers wary",1
"Preliminary Analysis of the Chairman’s Mark for the America’s Healthy Future Act, as Amended",1
Candidate Comparison,1
Political TV Ad Archive » PolAd,1
Ted Cruz' Full 'Meet the Press' Interview,1
"""New Energy"" Ad",1
Session Law,1
Interview with Rudy Giuliani,1
"'This Week' Transcript: McKay, Napolitano, Salazar and Allen",1
Missing Teen-Ager Found in New Jersey,1
Full text: Jeff Flake on Trump speech transcript,1
'This Week' Transcript: Biden,1
Rising to a New Generation of Global Challenges,1
Browse Congressional Bills,1
Taxable Estates Estate Tax Liability and Average Estate Tax Rate By Size of Gross Estate,1
Biden Issues Statement Following Conversation with Musharraf,1
Remarks by the President on the American Jobs Act,1
remarks in Philadelphia,1
Krugman calls Senate health care bill similar to law in Massachusetts,1
US Government Accountability Office Report to Congressional Committees,1
Philando Castile Had Been Stopped 52 Times By Police,1
Regular Session Senate Transcript,1
No More Dragging Up the Rear Arkansas Bows To Pressures To Put Schools To the Test,1
05/27/99 Committee on the Judiciary,1
About Bright Horizons Child Care & Family Solutions,1
No MidOct Paycheck for Troops if Government Shuts Down Lawmaker says,1
Full Interview Transcript: President Barack Obama,1
National Income and Product Accounts Table 175 Relation of Gross Domestic Product,1
America's Enduring Strength,1
Debt Day: A Symbol of Washington’s Arrogant Culture of Borrowing and Spending (Boehner Op-Ed on Townhall.com),1
'This Week' Transcript: Former Vice President Dick Cheney,1
Transcript: Blue-Ribbon Panel on Health Care,1
Republican response to President Barack Obamas Weekly radio address,1
The Colbert Report,1
U.S. Senate: U.S. Senate Roll Call Votes 105th Congress,1
Striking it Richer The Evolution of Top Incomes in the United States update with 2007 estimates,1
"Outlook, Office, Skype, Bing, Breaking News, and Latest Videos",1
China's Space Threat: How Missiles Could Target U.S. Satellites,1
Job Openings and Labor Turnover Survey News Release,1
"'This Week' Transcript: Goolsbee, Brown & Corker",1
Analysis of the 2008 Presidential Candidates’ Tax Plans,1
"U.S. considers 3,000 more troops for Afghanistan",1
"3rd Democratic debate transcript, annotated: Who said what and what it meant",1
"Joni Ernst ""Promises"" Ad",1
Testimony on the Alternative Minimum Tax,1
Obama Criticizes McCain on Lobbyists,1
SECRET VIDEO: Romney Tells Millionaire Donors What He REALLY Thinks of Obama Voters,1
Peace Through Strength and American Pride vs. “Enemy-Centric” Policy,1
'This Week' Transcript: Sen. Dianne Feinstein and Rep. Mike Rogers,1
There’s another choice – Gov. Gary Johnson – Medium,1
Florida Democrats Ask HHS to Protect Floridians from High Insurance Premiums in Marketplace,1
Giuliani in New Hampshire,1
Sale of the Etch A Sketch Brand,1
"Transcript of second McCain, Obama debate",1
"Romney For President Launches New Television Ad, ""Remember""",1
Mike Gravel 2008,1
letter filed on behalf of Sen Barack Obama and the Obama Exploratory Committee,1
School kids taught to praise Obama,1
Reps Cummings and Cole Interviewed on MSNBC,1
Local News Headlines Hawaii,1
Michael Bennet for US Senate,1
U.S. Senator Rand Paul of Kentucky,1
H.R.6060 - 109th Congress (2005-2006): Department of State Authorities Act of 2006,1
spreadsheet with key indicators from OECD Health Data 2009 health care expenditures per capita,1
Transcripts,1
"Care Without Coverage: Too Little, Too Late",1
Rep Mike Pence Web site,1
the Border Security Economic Opportunity and Immigration Modernization Act as passed by the Senate,1
White and Blue Fund ad,1
Pledge of Allegiance E-mail,1
McCain spoke up early,1
"Ad says Obama apologized, showed weakness on Iran",1
Hillary Clinton Remarks at National Urban League Conference,1
Friend of Israel also woos Palestinians Visiting Obama focuses on Israels right to defend itself,1
Transcripts,1
"Saudi Arabia Energy Data, Statistics and Analysis",1
U.S. Solar Market Insight Report,1
FrontPage Magazine,1
Obama: Gitmo inspires jihadists,1
RAW DATA: Dick Cheney's Remarks to the Center for Security Policy,1
Critical Mention,1
Monthly Treasury Statement of Receipts and Outlays of the United States Government,1
Remarks of Senator Barack Obama An Agenda for MiddleClass Success,1
Is The End In Sight For Supermax?,1
"Outlook, Office, Skype, Bing, Breaking News, and Latest Videos",1
Tim Kaine's Speech in Spanish at an Arizona Rally: Read Now,1
Trump's Tough Talk on Hedge-Fund Taxes Doesn't Match His Plan,1
Crime in Chicago: Explore your community,1
John McCain for President,1
Des Moines Register,1
New York Election Results November 7,1
Sanders Supports Gun Safety Bill,1
"""On and On""",1
Sasse Statement on Trade War,1
Monthly Budget Review,1
'This Week' Transcript: Hillary Clinton,1
Centers for Disease Control and Prevention,1
"Employment, Hours, and Earnings from the Current Employment Statistics survey (National) Home Page",1
"NRA President David Keene Rejects White House Gun Control Approach | PBS NewsHour | Jan. 15, 2013",1
Let’s Not Be Civil,1
Average cable TV bill cited in article on industry study,1
U.S. Department of Education Budget History,1
LexisNexis(R) Publisher,1
Transcript: Bob Barr on 'FOX News Sunday',1
"The first Trump-Clinton presidential debate transcript, annotated",1
Border Security The Role of the US Border Patrol,1
Pelosi urges minimum-wage hike,1
Clinton's Lead Over Trump Shrinks to 3 Points: New NBC News/WSJ Poll,1
FindArticles.com,1
All Nobel Peace Prizes,1
U.S. Senator John McCain,1
H.R.1025 - 103rd Congress (1993-1994): Brady Handgun Violence Prevention Act,1
Hillary Clinton Transcript: Read Full Text of Clinton Campaign Launch,1
John Hagee discusses Catholic Church,1
“Put Palin’s WolfKilling Record on Television”,1
Transcripts,1
"The Hill: Op-Ed: Go natural, go nuclear",1
Amendment to to declare English as the national language of the Government of the United States,1
Declining Business Dynamism in the United States A Look at States and Metros,1
Nexis®: Sign In,1
Rep. Vern Buchanan on Twitter,1
Transcripts,1
Ivanka Trump: Father feels 'vindicated' after Comey hearing,1
"McCain touts 'Gang of 14,' immigration reform",1
Planned Parenthood® Action Center,1
CPD: 2008 Debate Transcript,1
More Czars Than the Romanovs,1
"Impact of Senator Obama's Tax Proposals as Described by Economic Advisors on Workers, Distribution of Federal Tax Change by Cash Income Percentile, 2009",1
"He says universal, but it's no guarantee",1
Obama addresses key concerns for Floridians,1
Chairmans Mark Americas Healthy Future Act of 2009,1
Op-ed by President Obama: President Obama Reflects on the Impact of Title IX,1
'This Week' Transcript: Adm. Mike Mullen,1
Obama Demands Investigation into Subprime Loan Discrimination,1
LexisNexis(R) Publisher,1
"Outlook, Office, Skype, Bing, Breaking News, and Latest Videos",1
Hillary Clinton Transcript: Building the ‘Growth and Fairness Economy’,1
Topic A: How Can President Obama Regain His Political Footing?,1
AUTOS: The Dinosaur Hunter,1
3/8/14 Sen. Rob Portman (R-OH) delivers Weekly GOP Address on American jobs,1
"Outlook, Office, Skype, Bing, Breaking News, and Latest Videos",1
Forget Kiev. The Real Fight Will Be for Crimea,1
2008 Presidential Election,1
Public financial disclosure report,1
McCain Campaigns In Nashville,1
H1N1 vaccinations to be offered to Guantanamo Bay detainees,1
Inquiry Sought in Hillary Clinton’s Use of Email,1
"CNN's Don Lemon: Bill O'Reilly's Criticism Of Black Community ""Doesn't Go Far Enough""",1
FY 2010 President's Budget,1
"""Give Me a Break"" Americans Against Food Taxes TV Ad 2011",1
Barack Obama on Twitter,1
Text - H.R.2122 - 106th Congress (1999-2000): Mandatory Gun Show Background Check Act,1
Noted and Quoted,1
The Associated Press: Obama Hits Clinton on NAFTA Support,1
"Democratic debate: Bernie Sanders really isn't as ""socialist"" as President Eisenhower",1
"'This Week' Transcript: Madeleine Albright, Sen. Lindsey Graham, Sen. Kent Conrad and David Cote",1
"Oct. 11: Levin, Graham, McCaffrey, Myers, roundtable",1
US Foreign Economic and Military Aid by Major Recipient Country The New York Times,1
2011 Text of President Barack Obama’s proposed jobs bill Email interview with Lynne Bernabei,1
Republican consultant says Barack Obama promised to halve federal deficit in his first term,1
2011 Urban InstituteBrookings Institution Tax Policy Center,1
"DNC TV AD: ""Trapped""",1
Fox News Sunday,1
Remarks by the President in Twitter Town Hall,1
Press release AIG Discloses Counterparties to CDS GIA and Securities Lending Transactions,1
2011 via CQ subscribers only Tax Foundation,1
Barack Obama’s Remarks in St. Paul,1
The Fact Hub,1
"Key Facts: Race, Ethnicity and Medical Care",1
"Senator Biden’s Remarks in Springfield, Ill.",1
Rockefeller: An Opportunity We Cant Pass Up,1
"Call 'Islamic terrorism' what it is: a threat to West, Jeb Bush says",1
Obama administration opens the door for states to seek major changes in welfaretowork law,1
Remarks by the President at CNBC Town Hall Discussion on Jobs,1
Q&A: Did slaves build the White House?,1
"Health Reform Carries Heavy Price, Insurers Claim",1
Obama’s Remarks at the White House Health Care Forum,1
"Remarks by the President at Campaign Event -- Colorado Springs, CO",1
"Outlook, Office, Skype, Bing, Breaking News, and Latest Videos",1
"If Democrats Lose, Blame These Guys",1
"McCAIN, John Sidney, III",1
REMARKS BY THE PRESIDENT AND FIRST LADY AT A CAMPAIGN EVENT,1
"As Dems’ “Stimulus” Anniversary Nears, Americans Ask: “Where are the Jobs?”",1
Rep Poe Interviewed on Fox Business Network,1
Senate Democrats news conference on the Senate Climate Action Task Force,1
'This Week' Transcript: Kaine and Steele,1
RACE FOR CITY HALL: The Republican Candidate; A Mercurial Mayor's Confident Journey,1
Encounters With 'Regular Guy' Fred Thompson -- New York Magazine,1
US Trade in Goods,1
Remarks by the President on Responsible Homeownership,1
"Washington Post: Breaking News, World, US, DC News & Analysis",1
interview with Bloomberg television,1
Obamacare vs. the Catholic bishops,1
FDIC: FIL-14-2005: Revised Examination Guidance,1
Justices 1789 to Present,1
A Preliminary Analysis of the President’s Budget and an Update of CBO’s Budget and Economic Outlook,1
"S.1591 - 104th Congress (1995-1996): A bill to prohibit campaign expenditures for services of lobbyists, and for other purposes.",1
Teamsters Tout ANWR on Capitol Hill,1
Senate Passes Obama-Hagel Provision Aimed at Preventing Nuclear Terrorism,1
Transcript: House Majority Leader Boehner on 'FNS',1
John McCain for President,1
"Background Briefing on GM Restructuring, May 31, 2009",1
Georgia crisis triggers war of words on White House trail,1
Social Security Trustees Report 2007,1
U.S. Senator Debbie Stabenow of Michigan,1
Hillary Clinton Sits Down With Bill OReilly,1
The Committee on Energy and Commerce,1
Writers May Have Pact. Huckabee Crosses Picket Line—Again,1
"Latest World News, Videos & Photos -ABC News - ABC News",1
Economy Protect Homeownership and Crack Down on Mortgage Fraud,1
Congressman Pence Discusses House Republican Energy Bill on MSNBC's Morning Joe,1
"Switchboard, from NRDC :: Barbara Finamore's Blog :: China’s Carbon Intensity Target",1
Transcript: Vice Presidential Debate,1
comments at the CNN Republican presidential debate in Las Vegas,1
"Palin: Pioneer, maverick -- and now game-changer",1
Why the Public Option Isn't the Only Answer to Health-Care Reform,1
One in Four – Congressman Joe Pitts – Medium,1
Congressman Allen West : Final Weekly Wrapup,1
United States Senator Jim DeMint,1
Rebooting: You and your doctor under Obamacare,1
Card Penalty Fees Soften Slightly In 2010,1
Assistant professor of economics at the Gatton College of Business and Economics at University of Kentucky,1
"President Trump Campaigns Rick Saccone Pennsylvania, Mar 10 2018",1
Daily Fuel Gauge Report Aug 1,1
Public Citizen,1
WATCH FULL Ted Cruz presser on new deal with Kasich (UPDATE: PART TWO ADDED),1
Protecting Our Children from the Dangers of Smoking,1
Part 1 of CNN Democratic presidential debate,1
"9/11 families, others rally in favor of NYC mosque",1
Resource Not Available,1
"McCain, Obama go head to head in last debate",1
Take action,1
Transcripts,1
'This Week' Transcript: Gen. Jim Jones (Ret.),1
Renewing Americas Promise,1
"Earmark reform? 2009 spending bill contains 9,000 of them",1
Dean Ralph Reed Fundraiser Reveals McCain Double Talk on Ethics,1
"Leonard Lance claims federal tax code contains 4 million words, is 7 times as long as Bible",1
Public Campaign Action Fund,1
TSA: Frequently Asked Questions,1
Rep Jan Schakowsky on MSNBC,1
Donald J. Trump on the Stakes of the Election,1
MoveOn.org Political Action: 10 things to know about McCain,1
United States Department of Defense,1
MoveOn.org Political Action: General Petraeus or General Betray Us?,1
MoveOn.org Political Action: 10 things to know about McCain,1
The CNN Democratic presidential debate in Texas,1
"New York Officials Welcome Immigrants, Legal or Illegal",1
A Senate in the Gun Lobby’s Grip,1
public information officer for Palm Beach County Property Appraisers Office,1
Estonia Might Have The Most Efficient Tax Filing System In The World,1
Remarks by the President on the Resurgence of the American Auto Industry,1
"PWNED: House GOP Dominates Twitter, YouTube, Social Media in Congress",1
当ブログでは福岡県内にある不動産会社についてさまざまな情報をまとめています。福岡市の分譲マンションやマンション経営で頼りになる企業をご紹介！,1
Text of H.R. 3338 (107th): Department of Defense and Emergency Supplemental Appropriations for Recovery from and Response to ... (Passed Congress version),1
Mourning in America,1
"Outlook, Office, Skype, Bing, Breaking News, and Latest Videos",1
The Democratic Debate in Cleveland,1
Interest Group Ratings,1
First Presidential Debate,1
Town Hall Meeting in Derry NH,1
"Outlook, Office, Skype, Bing, Breaking News, and Latest Videos",1
John McCain,1
McCain-Palin 2008,1
Political TV Ad Archive » PolAd,1
Public Views on Health Care Overhaul Top Week's News,1
"Most heroin in U.S. now comes across Mexican border, Rob Portman says",1
Democratic National Convention Committee,1
"Rick Santorum: By amending constitution, we can balance the budget for good",1
Social Security Online History Pages,1
Notice: Data not available: U.S. Bureau of Labor Statistics,1
Clinton campaign’s claim that Trump would ‘force schools to allow guns in classrooms’,1
Obama: Mitt Romney refused to say whether he supports Lilly Ledbetter Act,1
foreign policy speech,1
Justice Department Memos on Interrogation Techniques,1
PolitiFact’s annotated transcript of the second presidential debate,1
Debbie Wasserman Schultz on Twitter,1
Remarks by President Trump in a Listening Session on Healthcare,1
Romney campaign ad,1
What Carly is doing tonight – Carly Fiorina – Medium,1
Children - Obama for America TV Ad,1
2007 Kaiser/HRET Employer Health Benefits Survey,1
"Outlook, Office, Skype, Bing, Breaking News, and Latest Videos",1
"Most heroin in U.S. now comes across Mexican border, Rob Portman says",1
Rule by Rentiers,1
2011 Urban Institute and the Blue Cross Blue Shield of Massachusetts Foundation,1
Donald Trump featured in new jihadist recruitment video,1
"Outlook, Office, Skype, Bing, Breaking News, and Latest Videos",1
interview on Fox News,1
Has the potency of pot changed since President Obama was in high school?,1
Change We Can Believe In,1
Peanut Product Recall Took Company Approval,1
Action for 25th Legislature,1
Democratic National Convention Committee,1
Iraq pullout could create chaos,1
In Obama's Words,1
"For Education Secretary, Stimulus Means Dollars and Risk",1
VIDEO: Special Preview Of Jersey Shore In Miami!,1
Obama Promises Abortion in Public Plan,1
Popular baby names,1
Top Presidential Candidate 2008 Websites,1
speech in Cincinnati,1
Louise Slaughter on Twitter,1
Laws Affecting Reproductive Health and Rights: 2013 State Policy Review,1
Fox News Sunday,1
International Energy Statistics,1
Donald Trump Sets Conditions for Defending NATO Allies Against Attack,1
The State of Working America 20067 pdf,1
"Bill Clinton Says He 'Never Said A Bad Word About Senator Obama,' At mtvU's First 'Editorial Board'",1
Trump on Prejean: Same as Obama,1
"Donald Trump, Billy Bush: Interview Scrambles Race",1
Transcript: Interview with Donald Trump,1
Rep. Michael McCaul (R-TX) Appears on Face the Nation,1
Energy and Commerce Committee,1
Meet Barack Obama,1
Redirect Notice,1
"Carolyn B. Maloney on Twitter: ""Women's health & wellbeing don’t seem to count in the math of the GOP's merciless #PayMoreForLess healthcare bill. We must not defund @PPFA!… https:",1
Fiscal Year 2011 Email interview with Todd Harrison of the Center for Strategic and Budgetary Assessments,1
"Shields and Gerson on Cabinet Noms, Gun Laws, Boehner's Leadership | PBS NewsHour | Dec. 21, 2012",1
U.S. Senate: U.S. Senate Roll Call Votes 103rd Congress,1
CQ Vote Studies,1
CPAC 2013 - Former Governor Sarah Palin (R-AK),1
"""One Hundred Percent"" by Club for Growth Action",1
Browse Congressional Bills,1
Executive Order Protecting the Nation from Foreign Terrorist Entry into the United States,1
Debbie Wasserman Schultz on Twitter,1
"Senator Charles Schumer NY November Midterm Elections, Nov 25 2014",1
CHIP Enrollment: June 2011 Data Snapshot,1
"Remarks by the President on the Economy -- Knox College, Galesburg, IL",1
Memorial Day,1
'This Week' Transcript: Target Libya,1
Administration Is Seeking $700 Billion for Wall Street,1
Family Policy Alliance,1
HillaryClinton.com,1
"This Labor Day, we need protests",1
Breaking down barriers for African Americans – Hillary for America – Medium,1
WarOnPoverty50,1
Supreme Court Vacancy Video,1
U.S. House Committee on Foreign Affairs,1
"Outlook, Office, Skype, Bing, Breaking News, and Latest Videos",1
Remarks by the President on Oil and Gas Subsidies,1
Have You Been to Iraq — 76 Sens Say They Have by Patrick Fitzgerald,1
House GOP Introduces Keep Terrorists Out of America Act,1
Should ISIS' gains lead to more U.S. troops in Iraq?,1
Resource Not Available,1
Individual Income Tax Returns Publication 1304 (Complete Report),1
Transcripts,1
State of the Union 2013,1
Statement by the President,1
Ron Paul Praises Embattled RNC Chief Michael Steele For Leadership On Afghanistan,1
"Outlook, Office, Skype, Bing, Breaking News, and Latest Videos",1
Palin tries new tactic to unload hated jet: Gov. Sarah Palin background,1
Barasso Ready to Question Kagan,1
Transcript Briefing by Press Secretary Robert Gibbs,1
Israel should welcome Rouhani's election victory,1
Uniform Crime Reports,1
Political TV Ad Archive » PolAd,1
Keeping His Word: Lowering the Cost of Medicare Prescriptions,1
Rand Paul: Will Donald Trump betray voters by hiring John Bolton?,1
ABC News: ABC News,1
Political Figures: C (2),1
Rep. Ross: We need to get government running again,1
President Barack Obama in Portsmouth Town Hall,1
“Put Palin’s WolfKilling Record on Television”,1
2007 Federal Tax Rate Schedules,1
Web Ad A Tale of Two Mitts,1
McCain in Colorado,1
"Vladimir Putin's Approval Rating Hits All-Time High, Boosted by Syria Airstrikes",1
"Penniless California issues IOUs to firms, clinics, taxpayers and students",1
"As Americans Save Money, their Government Spends with Reckless Abandon",1
Rand Paul: We Must Demilitarize the Police,1
Remarks by the President at the Associated Press Luncheon,1
eCFR — Code of Federal Regulations,1
CQ Transcriptswire > Login,1
Morgan Griffith says EPA treats milk spills same way as oil spills,1
CQ Vote Studies,1
GDP and the Economy Final Estimates for the Third Quarter of 2007,1
Transcript of Wednesday's presidential debate,1
Obama Exclusive Concedes Senate Voteainst Raising Debt Limit Was Political,1
The page you're looking for may have been moved or renamed,1
‘Americans need to stand together’: Hillary Clinton’s remarks following the Orlando shooting,1
Sen. Barack Obama's answer to meeting energy demands,1
Statement by the President,1
"'This Week' Transcript: Hoyer, Boehner and Bill Gates",1
Arizona Department of Public Safety,1
Sen. Gregg: President Obama's Budget Proposal Is a 'Disaster',1
School Choice FAQ,1
"Data on Campaign Finance, Super PACs, Industries, and Lobbying",1
"Department of Homeland Security Appropriations Act, 2007 (2006; 109th Congress H.R. 5441)",1
Poor and the nearpoor 1959 to 2006,1
Cain said food stamp program use up under Obama,1
Testimony on CBO’s Assessment of the Air Force’s Plan to Acquire 100 Boeing Tanker Aircraft,1
Fox News Sunday,1
"Outlook, Office, Skype, Bing, Breaking News, and Latest Videos",1
Illinois General Assembly,1
Health Insurance Coverage in the United States 2015,1
Top Picks (Most Requested Statistics) : U.S. Bureau of Labor Statistics,1
The Republican Road to Recovery,1
Democratic National Convention,1
60 Minutes Transcript,1
Bureau of Labor Statistics Data,1
The Texas Unmiracle,1
Indictment US v Vince McMahon and Titan Sports New Haven Register,1
Barack Obama Challenges John McCain To Duel Over Taxes,1
A comprehensive investigation of voter impersonation finds 31 credible incidents out of one billion ballots cast,1
LexisNexis(R) Publisher,1
The Des Moines Register,1
The Gingrich Tragedy,1
Obama Criticizes McCain on Lobbyists,1
Cravaack Passes Amendment to Improve US Aviation Security in Opposition to Obamas Planned Disarming of Federal Flight Deck Officers,1
Barack Obama says U.S. oil production last year was highest since 2003,1
TG-162: Treasury Announces $68 Billion in Expected CPP Repayments,1
"Current-Law Distribution of Federal Taxes By Cash Income Percentiles, 2007",1
Part I: CNN/YouTube Democratic presidential debate transcript,1
"Table of Known Nuclear Tests Worldwide, 1945-1996",1
Remarks by the President at GOP House Issues Conference,1
"Hillary Rodham Clinton, Senator for New York: Floor Speech of Senator Hillary Rodham Clinton on S.J. Res. 45, A Resolution to Authorize the Use of United States Armed Forces Against Iraq",1
TPMtv Extra: South Carolina Ronald Reagan Debate,1
a director of research for the foreign policy program at the Brookings Institution,1
Massachusetts Department of Elementary and Secondary Education,1
Expanding Opportunity — #KempForum16 – Paul Ryan – Medium,1
Country of Origin Labeling (COOL),1
"Outlook, Office, Skype, Bing, Breaking News, and Latest Videos",1
Mike Huckabee: Fried Squirrel Out of a Popcorn Popper,1
Transcript of Wednesday's presidential debate,1
"McConnell, Webb, Jindal express uncertainty over Iran nuclear deal",1
"Remarks by the President on Comprehensive Immigration Reform in El Paso, Texas",1
Kerry-McCain: Welcome To Massachusetts!,1
"Obama Urges Bernanke, Paulson to Fight Foreclosures, Hold Homeownership Summit",1
Schneiderman suing Trump over DACA cites 'discriminatory animus',1
Americas 5 Best Governors,1
Situation Syria Regional Refugee Response,1
Transcript of Republican Presidential debate at the Ronald Reagan Library in Simi Valley,1
"Sec. John Kelly on Manchester investigation, keeping America safe",1
John McCain for President,1
alert to members on abortion coverage in the House health care bill,1
Terror Suspects Are Buying Guns - and the FBI Can't Stop Them,1
Organizing for Action,1
"Hannity says Obama won't even use the term ""war on terrorism""",1
a professor of American Studies at Lynn University,1
transcript accessed via Nexis Mitt Romney Sends Taped Message to 2011 NRA Convention,1
An Open Letter to 'All Barack Channel',1
"Obama for America TV Ad: ""Firms""",1
roll call on Stupak amendment,1
Pastors To Protest IRS Rules on Political Advocacy,1
"Mitch McConnell, Alison Lundergan Grimes Have 'Sharp Differences' on Campaign Finance Rules",1
by Mark Halperin,1
"Ryan's plan includes $700 billion in Medicare ""cuts,"" says Stephanie Cutter",1
U.S. Senate: U.S. Senate Roll Call Votes 110th Congress,1
Table B46 Employees on nonagricultural payrolls by major industry 19552006,1
Jim DeMint on Twitter,1
"Fed Up! Our Fight to Save America from Washington, by Rick Perry",1
Obama’s Health Care Speech to Congress,1
Press release Rep Barton Democrats stimulus will waste money abuse people and lead to unintended consequences,1
Summing Summertime: Part 4,1
Laura Ingraham wrongly says claim that 90% support for gun background checks has been debunked,1
"Bill Clinton Says He 'Never Said A Bad Word About Senator Obama,' At mtvU's First 'Editorial Board'",1
Federal Election Commission filing,1
Transcript of debate between Chris Coons and Christine ODonnell,1
Transcripts,1
Barack Obama says Mitt Romney condemned coal-fired power plants as killers,1
The full transcript of the third presidential debate,1
Poverty 2005 Highlights,1
Food Standards and Labeling Policy Book,1
'This Week' Transcript: Geithner,1
Transcripts,1
"Nancy Pelosi, Wicked Witch of the West",1
or Degrading Treatment of Punishment Text of International Covenant on Civil and Political Rights Text of Geneva Convention relative to the Treatment of Prisoners of War Text of Geneva Convention relative to the Protection of Civilian Persons in Time of War Text of Universal Declaration of Human Rights Jay Bybee assistant attorney general,1
Warren Buffett says the super-rich pay lower tax rates than others,1
U.S. Senate: U.S. Senate Roll Call Votes 108th Congress,1
Jeb Bush 2016 Same Resume Right to Rise USA PAC,1
"In Weekly Republican Address, Boehner Calls For “New Way Forward” Focused on Creating Jobs, Cutting Spending, & Reforming Congress",1
U.S. Senate: U.S. Senate Roll Call Votes 111th Congress,1
Harry Reid,1
Video Interview with Howard Dean,1
The Democratic Debate in Cleveland,1
Obama knows his way around a ballot -- chicagotribune.com,1
speech on the floor of the US House of Representatives,1
"Everything you need to know about the drone debate, in one FAQ",1
WATCH LIVE: Tim Kaine and Corey Stewart meet for first U.S. Senate debate in Virginia,1
Web Ad A Tale of Two Mitts,1
Romney CPAC Speech: It's All About the Jobs,1
Patient Protection and Affordable Care Act,1
AFP: McCain renews attacks on Obama links to radical,1
Patient Protection and Affordable Care Act,1
Sarah Palin on Twitter,1
"No Regrets for a Love Of Explosives; In a Memoir of Sorts, a War Protester Talks of Life With the Weathermen",1
"Bill Clinton on Rush Limbaugh, His Mistakes, the Supreme Court and Middle East Peace",1
Rick Santorum sworn in as Pennsylvania’s newest senator,1
"Letter to the Honorable John Boehner providing an estimate for H.R. 6079, the Repeal of Obamacare Act",1
Financial Rescue Nears GDP as Pledges Top 128 Trillion by Mark Pittman and Bob Ivry,1
Transcript: NPR's Full Interview With Sen. Marco Rubio,1
Gore looking to turn idle fans into activists 3year ad campaign will feature enemies united on climate,1
The early catastrophe,1
NPC Luncheon with Eric Holder,1
"""Face the Nation"" transcripts, August 26, 2012: Rubio, Priebus, Barbour, Blackburn",1
2011-2012 Wisconsin Legislature Documents,1
"David Plouffe, Sen. Joe Lieberman and Gen. Michael Hayden talk national security leaks",1
U.S. Imports & Exports,1
Transcripts,1
"In reversal, McCain says lift ban on offshore drilling",1
"Employment, Hours, and Earnings from the Current Employment Statistics survey (National) Home Page",1
'This Week' Transcript: Odierno and Chiarelli,1
Obama’s Prime-Time Press Briefing,1
"Author Offers Insights on Slavery, the Capitol, and Obama's Inauguration",1
American International Group Inc Form 10K,1
Remarks by the President at AFL CIO Labor Day Picnic,1
REP. JENKINS: OPIOID CRISIS FUNDING SHOULD BE BASED ON NEED,1
Remarks by the First Lady on What Health Insurance Reform Means for Women and Families,1
and Surpluses or Deficits as Percentages of GDP 1930–2015,1
Planned Parenthood® Action Center,1
Transcripts,1
CBOs Estimate of the Effects on Direct Spending and Revenues of the House Amendments to the Senate Amendments to HR 976 the Childrens Health Insurance Program Reauthorization Act of 2007,1
Remarks of Senator Obama: The War We Need to Win,1
Library of Congress,1
'This Week' Transcript: Geithner,1
"Obama for America TV Ad: ""Firms""",1
The Colbert Report,1
Stop Coddling the Super-Rich,1
Did Bernie Sanders vote against background checks and waiting periods for gun purchases?,1
Families Facing Tax Increases Under Trump's Tax Plan,1
Report on Geithners tax issues,1
Senate begins health care debate amid calls for tort reforms,1
Updated: The Facts About Hillary Clinton’s Emails,1
Rand Paul: Republicans 'Aren't Maybe Brave Enough' to Tackle Deficit,1
Sen. Sanders warns of ‘frightening trend’ towards oligarchy,1
The latest political news and headlines from D.C. and beyond,1
The Democratic Debate in Cleveland,1
Rick Perry says he switched to GOP at a younger age than Reagan did,1
"Hillary Rodham Clinton, Senator for New York: Schumer, Clinton Announce Key Senate Panel Approves Over $1.3 Million for Labor, Health and Human Services Projects in the Hudson Valley",1
Senator Bernie Sanders on Democratic Socialism in the United States,1
"The CNN Miami Republican debate transcript, annotated",1
Barack Obama says U.S. oil production last year was highest since 2003,1
Survey Results from Hays Research Group,1
The Budget and Economic Outlook: Fiscal Years 2009 to 2019,1
testimony submitted to the Congressional Oversight Panel’s hearing on the TARPs impact on financial stability,1
"Remarks by the President on the Economy -- Knox College, Galesburg, IL",1
The Daily Show with Trevor Noah,1
Historical aggregate income by fifths and top 5 percent,1
"IMPEACHMENT HINT STIRS HOUSE CLASH; Democratic Orators Spring to Roosevelt Defense, Charging 'Malice.'",1
The Obameter: Introduce a comprehensive immigration bill in the first year,1
"Trump asking Congress, not Mexico, to pay for border wall",1
Flake: “Religious tests should have no place in the Senate”,1
Change We Can Believe In,1
deputy director of national health statistics in the Office of the Actuary at the Center for Medicare and Medicaid Services,1
Romneys ProLife Conversion Myth or Reality June 14,1
Interest Group Ratings,1
BREAKING: First NFL Team Declares Bankruptcy Over Kneeling Thugs,0
Court Orders Obama To Pay $400 Million In Restitution,0
UPDATE: Second Roy Moore Accuser Works For Michelle Obama Right NOW -,0
Oscar Pistorius Attempts To Commit Suicide,0
Trump Votes For Death Penalty For Being Gay,0
Putin says: ‘Pope Francis Is Not A Man Of God’ | Must-See !!,0
New York Man Wanted For Infecting 240 Men And Women With HIV!!!,0
Saudi Arabia to Behead 6 School Girls for Being With Their Male Friends Without Parents or a Guardian,0
Malia Obama Fired From Cushy Internship At Spanish Embassy,0
Target to Discontinue Sale of Holy Bible,0
Youngest World Leader Bans George Soros’s Foundations From Austria,0
BREAKING: Hillary Clinton Has Third Heart Attack-Docs Says She ‘Won’t Survive’,0
"Barack Obama Tweets SICK Attack On John McCain, Says He Should Have Died",0
President Trump Underscores US-Jamaica Relations,0
Actress Sandra Bullock to Hillary Clinton if You Don't Like Our President You Can Leave and Never Come Back Again You Are One Jealous Woman Who Ls Nothing to Compare With Trump I Hope He Will Arrest Y,0
Gretchen Carlson: “The 2nd Amendment Was Written Before Guns Were Invented”,0
"Pope Francis At Mass: ‘Jesus Is Metaphorical, Not Literal’",0
Black Men Arrested In Philadelphia Starbucks Settle For $2 Million,0
ICE Detainer Issued for Suspected Wine Country Arsonist in Sonoma Jail,0
Former presidents walk fine line in Trump’s America,0
"Inside the Snapchat bloodbath: 60 minutes of terror which left 17 dead, bodies in classrooms and kids 'full of blood'",0
BREAKING: Nancy Pelosi To Resign After New Revelations – NRTOnline,0
"Donald Trump inauguration: Artists who won't perform at ceremony include Elton John, Celine Dion and John Legend",0
BREAKING: Leaked Picture Of Obama Being Dragged Before A Judge In Handcuffs For Wiretapping Trump,0
Clinton Campaign official arrested by FBI on child rape/trafficking charges,0
"DONALD TRAIN NEWS: BREAKING: Rosa Parks’ Granddaughter SLAMS Racist Democrats, Endorses Trump",0
"NRA President Jim Porter Falsely Accused of Saying, “It’s Only A Matter Of Time Before We Can Own Colored People Again”",0
Biden raises possibility of 2020 presidential bid,0
"NYC: PHYSICIAN and Wife Jump To Death…Leave Kids Behind Because They “Can’t Afford The Health Care” Only Hours After McCain, Murkowski, Collins and EVERY Democrat Voted To Keep Obamacare -",0
Snapchat is shutting down!,0
Rice told investigators why she unmasked Trump aides,0
BREAKING: Meryl Streep Just Got Fired From A Major Project For Lying About Trump -,0
Clinton Email: We Must Destroy Syria For Israel,0
CNN host Fareed Zakaria calls for jihad rape of white women,0
Could Trump Win The Nobel Peace Prize? Peace in Korean Peninsula Would Be Significant Foreign Policy Achievement,0
UPDATE: Hillary Clinton Leaves The Country As Mueller Indictment Is Announced,0
BREAKING: Illegal Muslim From Iran Arrested For Starting California Wildfire,0
"NFL Lawyer, Who Claimed Super Bowl Is ‘Rigged’, Found Dead",0
"Japanese Whaling Crew Eaten Alive By Killer Whales, 16 dead",0
Barrels removed from Clinton property contain parts from 3 missing women.,0
"Liberal Women Hate Me Because Of My “Striking Beauty And Intellect”, Says Kellyanne Conway",0
Buzz Aldrin ‘passes UFO lie detector test leaving experts convinced that he encountered alien life’,0
Full text: Jeff Flake on Trump speech transcript,0
Mike Pence: “Allowing Rape Victims To Have Abortions Will Lead To Women Trying To Get Raped”,0
"Paul Ryan: “22 Million Americans Choose To Be Poor, So It’s Their Own Problem If They Can’t Afford To Be Healthy”",0
Pope Francis: Gun Owners 'Can’t Call Themselves Christian' Anymore,0
About Mayor Bhalla,0
Neon Nettle,0
Broward County Sheriff Fired For Lying About Parkland,0
Tom Price: “It’s Better For Our Budget If Cancer Patients Die More Quickly”,0
Breaking: Greitens Accuser Admits Photo Session May Have Been A “Dream”,0
Obama Administration Kept Illegal Mexican Kids In Detention Camps As “Experiment”,0
Pope Francis To Followers: “Koran And Holy Bible Are The Same”,0
United Airlines Flight Attendant Slaps Crying Baby During Flight,0
"CIA Release Documents Of Moon, Moon Has More Than 250 Million Citizens",0
How Donald Trump Lost the 'War on Christmas',0
Thousands killed as Israel Drops Tactical Nuclear Bomb On Syria,0
Man charged with murder after driving into anti-far-right protesters in Charlottesville,0
BREAKING: Fox Sports Cancels ALL NFL Broadcasts ‘Until Players Respect The Flag’,0
The Legislative Process,0
Head Of NFL Fines Steeler Teammates $1 MILLION Each!,0
Debbie Wasserman Schultz Aide Arrested Trying to Flee the Country,0
BREAKING: Sasha Obama Just Crashed Her Expensive New Car Into A Lake,0
Sid Miller,0
"Kasich: “If A Woman Is Not Intelligent Enough To Keep Her Legs Closed, How Can We Entrust The Abortion Decision To Her?”",0
Democrat Maxine Waters Has Shown Up To Only 10% Of Congressional Meetings For 35 YEARS,0
GOP Official Who Says America Needs ?Another 9/11? Shares _______________ With Trump,0
82-Year-Old Who Killed A Muslim In Self-Defense Gets The Death Penalty,0
DEA Just Raided A United States Senator,0
"CNN Shocks America, FIRES ‘Journalist’ Who Made Fun Of Sarah Sanders’ Face",0
Trump’s DHS Secretary Confirms They Are Preparing To Arrest Sanctuary City Leaders,0
Twelve More Hurricanes Headed Towards US,0
CALIFORNIA DEMOCRAT MAXINE WATERS CHARGED ON 3 COUNTS. DO YOU SUPPORT THIS?,0
"BREAKING: British Intelligence Seizes Clinton Foundation Warehouse, $400 Million In Cash – NRTOnline",0
"OFFICIAL: Rudy Giuliani Officially Resigns, Trump’s Legal Team on Its Last Leg",0
Michelle Obama Just Received LIFE-SHATTERING News From The Doctor,0
SPECIAL REPORT: GEORGIA BECOMES FIRST STATE TO BAN MUSLIM CULTURE IN HISTORIC MOVE TO RESTORE WESTERN VALUES!,0
Tens of Thousands Of Scientists Declare Climate Change A Hoax,0
The numbers don't lie... - Occupy Democrats,0
Donald Trump to issue an executive order to ban Facebook across US,0
"The hacked emails at the center of Mueller’s Russia investigation, explained",0
JUST IN: Barack Obama ARRESTED in a Japanese Drug Bust,0
Lisa Page Squeals: DNC Server Was Not Hacked By Russia,0
"Bin Laden is “Alive and well in the Bahamas”, says Edward Snowden",0
Robert Redford Says: Michelle And Barack Obama Should Get Five Years In Prison,0
Delta Ticket 2017,0
Breaking: Mar-A-Lago Destroyed By Irma-Jared Kushner Still Missing,0
Puerto Rico Mayor Facing Fraud Charges Over $3M In Federal Disaster Relief,0
Dying 78 Year Old CIA Agent Admits To Killing Marilyn Monroe,0
Breaking News: FBI Uncovers Evidence That 62 Million Trump Voters are All Russian Agents,0
 If You Are Using This Toothpaste… Throw It Away Immediately Nov 28,0
"Queen Elizabeth Says: “Muslim Refugees Are Dividing Nationality, I Fully Agree With Donald Trump We Should…”(VIDEO)",0
Account Suspended,0
McCain Blamed For Sabotaging Trump,0
Create a Prank and trick your friends,0
"BOMBSHELL: COMEY KNEW MURDERED DNC STAFFER, SETH RICH, WAS WIKILEAKS SOURCE & COVERED IT UP FOR HILLARY",0
American News is under construction,0
"Actress Jennifer Aniston: “Me and All The Trump Supporter Celebrities Decide To Make A Company Named “Celebrities For Trump”, Which Fight Against All Anti Trump Celebrities, I Think President Trump Ne",0
"Police Officers, Firefighters and Others Get Hit with Tax Penalty",0
Whoopi Goldberg: Navy SEAL Widow was “Looking for Attention”,0
Starbucks Just Placed Trump’s Photo on Floor so Every Customer have to Step On It….,0
Food Stamp Enrollment Drops by Four Million in One Month,0
Obama Goes To G20 Summit,0
Melania Trump Hired Exorcist To ‘Cleanse White House Of Obama Demons’,0
URGENT: proposed law would charge protesters with terrorism,0
"Fact-Check: No, Fall River, Massachusetts, Was Not ‘Built by Immigrants’",0
Clint Eastwood Leaves His Estate To The Trump 2020 Campaign,0
"Actor Brad Pitt: 'Trump Is Not My President, We Have No Future With This...'",0
Police Find 19 White Female Bodies In Freezers With “Black Lives Matter” Carved Into Skin,0
"BREAKING: Trump fires Deputy Attorney General Rod Rosenstein, raising questions over Mueller’s fate",0
JEFFERSON DAVIS STATUE TO BE REPLACED WITH OBAMA LIKENESS,0
John Hagee Calls For “Prosecuting Women Who Say God’s Name During Intercourse”,0
The Kardashians donate whopping sum to Las Vegas mass shooting victims,0
Colorado Rockies Baseball Team To Sell Marijuana Brownies At Their Concession Stands,0
"MITT ROMNEY: ‘TRUMP HAS SOME VERY SERIOUS EMOTIONAL PROBLEMS, HE MUST RESIGN BEFORE WE…’",0
BREAKING: Trump Removes Muslim Federal Judge For Trying To Implement Sharia Law In America,0
BREAKING: Autopsy Results From Vince Foster’s Exhumed Body–Cause Of Death To Be Changed,0
"Bill Gates: “I think Donald Trump will go down to history as one of the greatest presidents, just like Reagan.”",0
"Florida Bridge Collapse, Female Company",0
HRC Caught On Tape Laughing About Irma Wiping Out All Of Those Florida Hillbillies,0
Alabama State Police Arrest 3 Poll Workers In Birmingham,0
HOLLYWOOD CELEBS: WE WILL GO ON ‘TOTAL STRIKE’ IF TRUMP DOES NOT RESIGN,0
BREAKING: Roy Moore’s Accuser Arrested And Charged With Falsification,0
White House Chef Quits Because Trump Has Only Eaten Fast Food For 6 Months,0
112-Year-Old Voters in North Carolina?,0
Denzel Washington hit by Facebook fake news story on Trump,0
NASA Will Pay You 18000 USD To Stay In Bed And Smoke Weed For 70 Straight Days,0
BREAKING: Nancy Pelosi Was Just Taken From Her Office In Handcuffs,0
Paul Ryan: “Donald Trump Plans To Resign From Office Within The Next 30 Days”,0
LISTEN: Curious Robocall Seeks 'Damaging' Information on Moore,0
"National Guard Storms Mexico Border, Makes Game-Changing Impact In Just 30 Days",0
BREAKING: Florida Moves For FULL RECOUNT Of State Over Massive Voter Fraud (DETAILS),0
BREAKING: Shep Smith To Be Canned Because He Can’t Control His Hate For Donald Trump,0
"3,000-Pound Great White Shark Captured in Great Lakes",0
Wife of Las Vegas massacre victim: ‘He saved my life and lost his’,0
BREAKING: MALIA OBAMA EXPELLED FROM HARVARD,0
Bachmann: “White People Have Suffered More In The Last 8 Years Than Blacks Did During Couple Years Of Slavery”,0
Babysitter on Crystal Meth Eats 3-Month-Old Baby,0
Contact Support,0
JUST IN: John Kerry Facing Prison,0
JUST IN: Sarah Palin In A Coma After Hit And Run,0
Trump Declares Globalist Soros As “National Security Threat”…Using Obama’s 2014 Executive Order,0
Delta targeted in online free airline ticket scam,0
Melania Just Hit Donald Trump With Shocking Announcement He Never Saw Coming,0
"OBAMA CANCELED IT, TRUMP REINSTATED IT – A VERY SACRED DAY IS BACK",0
UsPostman.com is for sale (Us Postman),0
Bumble Bee Foods charged after man cooked with tuna,0
Morgue employee cremated by mistake while taking a nap,0
Hillary Clinton Furious At ‘Special Gift’ Melania Trump Sent Her From Her Hospital Bed,0
Stephen Bannon: “Nobody Can Blame You For Beating Your Wife If It’s Out Of Love”,0
"A fake photo of Emma González went viral on the far right, where Parkland teens are villains",0
Information for the Nation,0
majorthoughts.com,0
Trump on Revamping the Military: We’re Bringing Back the Draft,0
US Representatives Promise Implement Of UN Gun-Control Plans,0
Bill Gates’ Former Doctor Says Billionaire ‘Refused To Vaccinate His Children’,0
"Haiti Official Getting Ready To Testify Against Clinton Foundation Corruption NEXT WEEK, Found DEAD With “Gunshot to the head”",0
Facebook Picks Sides in Alabama Senate Race=> Shuts Down Gateway Pundit and Breitbart Reports on Discredited Allred Accuser,0
Cannibals Arrested in Florida Claim Eating Human Flesh Cures Diabetes and Depression,0
Laguna Beach Antifa 22m David Hogg Didn't Attend Parkland High School I Went to School With Him at Redondo Shores High School in California and He Graduated in 2015 Here He Is in Our Yearbook From 201,0
Lady Gaga on Twitter,0
American News is under construction,0
Kushner And Wife Ivanka Trump Were Tossed Out Of The White House — And Donald Is Cutting Them Out Of His Will!,0
Thinking about writing in a candidate on Election Day? Read this before you do.,0
Trump Gives Chaffetz The Thumbs Up For Investigating Hillary Clinton’s Email Server,0
Obama Secretly Flees US – Leaves Stunning Evidence Behind,0
BREAKING: Monica Lewinsky Found Dead In Roslindale,0
BREAKING: The Democrat James Comey Has Been Having An Affair With Was JUST REVEALED! (DETAILS),0
"ABC News Joins Obama In Ban Of American Flag Lapel Pins, Here’s What You Need To Know",0
10 Things You Didn't Know About Nancy Pelosi,0
"Mom applies a remedy to her baby, moments later he dies. Be careful with this, moms!",0
Clinton Foundations Sends Water To Houston For $7 A Bottle,0
"Flight Crew Takes A Knee And Walks Off, Leaving New Orleans Saints Stranded On Runway",0
Floyd Mayweather Jr. Donates a Whopping Sum of Money to Houston After Hurricane – What You Missed,0
"New Star Wars Movie Filming Near Rosenberg, Texas, Large Number of Extras Needed – WBN 12 News",0
Chuck Schumers Steamy Affair With A High School Cheerleader Confirmed,0
"Tennessee GOP Twitter taken down, after Tweet exposing Pelosi involved in Pedophilia",0
"80% of black men in Atlanta are Homosexuals, study says",0
Texas church shooter was a militant atheist,0
Pope Calls for World Wide Gun Confiscation Except for the UN,0
BREAKING: Barcelona Terrorist Has A Cousin In The US Named Barack,0
BREAKING: President Trump Just Told Paul Ryan ‘You’re Fired’,0
“HIV VIRUS” Found In Walmart Bananas After 10 Year Old Boy Agreements The Infection,0
Senate Democrats Demand Supreme Court Nominee Not Be Unduly Influenced By U.S. Constitution,0
Application for ‘March For Our Lives’ permit was made months before Parkland school shooting,0
412 Michigan Muslims Arrested In Fed’s ‘LARGEST BUST IN U.S. HISTORY’,0
"BOOM: Roy Moore Takes The Military Vote, Pulls Ahead By 5K Votes",0
Julia Roberts Claims ‘Michelle Obama Isn’t Fit to Clean Melania’s Toilet’,0
New Jersey Police Chief Says Black People ‘Have No Value’ And Should All Be Executed,0
State Of Minnesota Has Just Handed Over FULL CONTROL To Muslims So They Can Take Down ‘Infidels’,0
BREAKING: Clinton Foundation Cargo Ship Raided At Port Of Baltimore Reveals Sick Secret,0
Miley Cyrus: 'Donald Trump Is a F--king Nightmare',0
BREAKING: Bill O’Reilly In Critical Condition After Being Attacked By ‘Tolerant’ Liberals,0
"Bill Murray Had This to Say About Rochester, New Hampshire Residents – News Daily 12",0
Keanu Reeves Shook The World With Another POWERFUL Message,0
BREAKING: KEN STARR’S PLANE JUST DISAPPEARED ON HIS WAY TO DC TO TESTIFY AGAINST HILLARY,0
TRUMP WANTS TO DEPORT AMERICAN INDIANS TO INDIA,0
BREAKING: Johnny Depp Taken Into Custody By Secret Service,0
"Peter Strzok, FBI Agent in Texting Scandal, Will Testify Before Congress",0
Trump Removing Marines From the Navy,0
Mueller Will Be Forced To Resign Over Pelosi Affair,0
DONALD TRUMP PRAISES COLONEL SANDERS FOR HIS SERVICE IN THE CIVIL WAR Manny Schewitz O 2 Days Ago Off the Wire Speaking to Our Intern Dave Robicheaux Who Is Paid in Facebook Likes Trump Insisted Col H,0
Charleston Shooter Dylann Roof Moved to Death Row in Terre Haute Federal Prison,0
Trump Vows to End Winter Heating Assistance for Elderly and Disabled – Our Voice,0
BREAKING: Supreme Court Issues Its First Bench Warrant Ever,0
Clinton Foundation Largest Unprosecuted Charity Fraud in History-Charles Ortel,0
You are being redirected...,0
"Smoking In Cars With Children Is Illegal Starting January 30, 2018",0
FBI uncovered Russian bribery plot before Obama administration approved controversial nuclear deal with Moscow,0
NASA Has Just Confirmed Earth Has A New Moon,0
"The pro-Russia, pro-weed, pro-Assange GOP congressman who will be tough to beat",0
Target Recalls Water Absorbing Toys Due to Serious Ingestion Hazard,0
UPDATE: Malia Obama Among 10 Arrested In Racist Antifa Attack,0
UF requests to cancel Rivalry game against FSU,0
Las Vegas Shooting Witnesses Report Multiple Gunmen Dressed as Security Guards Oct 3 2017,0
alternativemediasyndicate.com,0
BREAKING: US comedian Kevin Hart in critical condition after gory car crash,0
TRUMP APPROVAL RATING Better than Obama and Reagan at Same Point in their Presidencies,0
Fox News Sandra Smith: “Everybody Could See From The United Airlines Passenger’s Behavior That He Was Not A Genuine American”,0
flashnewscorner.com,0
"DNC’s Donna Brazile Dedicated Her Book to ‘Patriot’ Seth Rich, Whose Death Made Her Fear for Her Own Life",0
Manager killed 10 employees at checkers on 183st and 27ave,0
Obama Announces Bid To Become UN Secretary General – Usa News,0
MEXICO’S NEXT PRESIDENT Calls for An Invasion Of The US….,0
NASA ANNOUNCED THAT IT COMMUNICATED WITH FOUR RACES OF ALIENS,0
Ohio student suspended for staying in class during National Walkout Day,0
BREAKING NEWS: Prince William and Harry donates $100 million to Hurricane Harvey Victims,0
Morgan Freeman: ‘Jailing Hillary’ Best Way To ‘Restore Public Faith In Govt’,0
Jason Aldean Gig Canceled After He Sells Out To Liberals On SNL,0
Trump Orders 13 Obama Deep State Operatives Arrested For Treason,0
Inside a Fake News Sausage Factory: ‘This Is All About Income’,0
CNN To Permanently Close Its Doors As Ratings Plunge 30 Percent,0
REPORT: Kim Jong Un Killed In Trump’s Overnight Black Op Attack On North Korea -,0
"Statement from FDA Commissioner Scott Gottlieb, M.D., on FDA’s ongoing efforts to help improve effectiveness of influenza vaccines",0
Eric Trump: It would be 'foolish' for my dad to release tax returns,0
BREAKING! Roy Moore’s Accuser Worked for Democratic Leaders and Is Actively Campaigning for Moore’s Opponent ⋆ Activist Mommy,0
Civil War Erupts In Sweden as Irate Swedes Burn Nine Muslim Refugee Centers to the Ground,0
Mental Images,0
Kurt Russel Just SHOWED Overpaid Celebs It’s Time To Shut Up About Trump – Hits Them Where It Hurts!,0
First Indictment Issued In Russian Bribery Case Tied To Obama-Era Uranium One Deal,0
Trump’s Top Scientist Pick: “Scientists Are Just Dumb Regular People That Think Dinosaurs Existed And The Earth Is Getting Warmer”,0
STUNNING! Democrats BOO and GROAN at Trump Mention of Murder Victims of MS-13 Killers (VIDEO),0
"BREAKING: Trump Just Gave Every WORKING, LEGAL Man Woman And Child In The USA $612 EACH! -",0
Investigators: Anthony Bourdain Was Killed By Clinton Operatives,0
 Friendly Fire … Charlottesville Car attacker is antiTrump Antifa supporter,0
BREAKING: 60 People Just Found Dead In Ohio,0
Denzel Washington: With Trump we avoided war with Russia and Orwellian Police State,0
"Oprah Winfrey: The Butler, racism and Obama",0
All Citizens Who Want to Receive Gvt Benefits Must Agree to Be Microchipped in the Near Future,0
USA: Mysterious Nazi submarine from WWII discovered in Great Lakes!,0
BREAKING ObamaLed UN Has Just Made It Official US To Immediately Pay Blacks ‘Reparations’,0
Computer Models Show IRMA Destroying New York City On Sept. 10,0
"NASA Will Pay You $100,000 To Stay In Bed For 60 Days!",0
BREAKING: President Trump Pardons Kim Davis,0
"Last in Queen Elizabeth II's line of corgis dies, says British press",0
And we pay her a salary!.... - Judge Jeanine Pirro has Fans,0
"Whoopi Goldberg Humiliated, Handcuffed And Dragged Out Of The TV Studio",0
BREAKING: CZECH REPUBLIC ARMS CITIZENS – “YOU CAN NOW SHOOT TERRORISTS ON SIGHT”,0
Alabama football Crimson Tide disqualified from national championship,0
"Georgia Mosque KEEPS Hurricane Harvey Donations, Will Send To Syrian Refugees Instead",0
World's most popular candy to be removed from shelves by October 2017!,0
"Scott Baio, Beloved Face Of Conservatism, Dies In Small Plane Crash On His Way To Visit Trump",0
BREAKING: Black Hockey Player FIRED After Raising Fist During National Anthem,0
Attorney General Sessions Statement on Recusal,0
BREAKING: Rosa Parks’ Daughter Praises Trump’s Response to Charlottesville – forfreedomworld,0
Trump warns Russia over Jehovah’s Witnesses ban and urges members to seek asylum in the US,0
BOMBSHELL!! Obama Paid FBI Informant Over $1 MILLION To Do It To Trump! EVEN AFTER THE ELECTION!,0
"Singer Tina Turner: “This Thanksgiving Is The First Time in 8 Years That I am Thankful For Our President, God Bless Him And His Supporters.” Do You Support To Tina ? – American President Donald J. Tru",0
"Democrats go full TYRANNY: Now demand nationwide gun confiscation from law-abiding Americans… at gunpoint, of course",0
"FOX Network Picks Up ‘Roseanne,’ Saying It Has No Problem With Occasional Racism – The Newly Press News Network – POTUS Press Network",0
ICE removal key goal of Democrats in 2020 election,0
Obama Orders Life-Sized Bronze Statute of Himself To Be Permanently Installed in White House,0
Donald Trump Dead From A Fatal HEART ATTACK! — Steemit,0
Vets for Trump Facebook page,0
Red Hen Owner Just Issued Sick Threat To Sarah Sanders After Biz Was Destroyed By Booting Her,0
Libtard Hero Al Franken Forced To Resign In Disgrace,0
Fox News' Shepard Smith: 'Why is it lie after lie after lie?' on Russia meeting,0
Trump Nation,0
Wilmington Regional Film Commission,0
Man Loses His Testicles After Attempting To Smoke Weed Through A Scuba Tank,0
proudleader.com,0
"Emma Gonzalez Bullied School Shooter, Isn’t Sorry; Then Retweets Message Blaming “White Boys’ Entitlement” As Cause Of All School Shootings",0
Lady Gaga Reveals Plan To Cover Her Face Again “Until Trump Gets Fired From Office And I Feel Free Once More”,0
“Gay People Should Wear Specially-Colored Clothes To Warn Straight People”,0
San Juan City Council Votes Unanimously To Impeach Trump-Hating Mayor,0
UPDATE: Van Full Of Illegals Caught Voting At Multiple Alabama Polling Locations,0
BREAKING: Irish superstar Saoirse Ronan dies after on-set accident in St. Lucia,0
Information for the Nation,0
WE CALLED IT! Gloria Allred Accuser **ADMITS** She Tampered With Roy Moore's Yearbook 'Signature' (VIDEO),0
Miss Universe Guayana 2016 arrestada con 2kilos en London Airport😱,0
"Nancy Pelosi Suffers Breakdown, Taken From Capitol Hill On A Stretcher",0
SMOKING GUN=> San Juan Teamsters Didn't Show Up for Work to Distribute Relief Supplies,0
BREAKING: President Trump Signs Executive Order Stripping NFL Of ‘Non-Profit’ Status,0
"Michelle Obama: ‘Florida Shooting Is Clearly Trump’s Fault, These Shootings Are Happening Constantly Since He Became Our President.We Must Protect Our Children From This Tyrant”Do You Support Her?’",0
"First family visits D.C. shelter, highlights homeless veterans’ plight",0
Hillary In Hiding As Police Discover Dead Body Hidden In Huma Abedin’s Dumpster,0
 Breaking President Trump makes English the official language of the United States,0
BREAKING: Santa Fe Killer Confesses His Love For Obama,0
Pence: “Michelle Obama Is The Most Vulgar First Lady We’ve Ever Had”,0
‘NASA Confirms’ 15 Days Of Darkness Coming This Month,0
Snoop Dogg Arrested For Conspiracy After Talking About His ‘Murder Trump’ Video,0
"Shaquille O’Neal Says: ‘Trump Is Possibly The Best President Of The President Of All Times Ever, He Is Not Afraid To…’",0
BREAKING: Mike Huckabee Just Fired!,0
UPDATE: Florida Governor Rick Scott Now Listed As &#8216;Critical&#8217; After Bizarre Hurricane Cleanup Accident,0
 BREAKING Muslims’ Disturbing Plan Comes Out After Grocery Stores Go Bare To Prepare For Irma,0
Virginia Republican Wants Schools To Check Children's Genitals Before Using Bathroom,0
Leonardo DiCaprio Tells President Obama That He's Going to Mars,0
Prince William May Not Attend Royal Wedding Leaving Harry Without a Best Man; Princess Diana Would Not Be Happy,0
Man pardoned by Obama ‘executed’ by masked men at halfway house,0
eCFR — Code of Federal Regulations,0
Student Hasn't Stopped Filming Since Florida School Shooting,0
BREAKING: Trump Caught INVESTING in Dakota Pipeline Before Signing It,0
FDA Announced That Vaccines Are Causing Autism,0
Carnival Cruise Lines will now offer FREE Cruises,0
BREAKING: Fox Star Tucker Carlson In Critical Condition After Head On Collision Driving Home,0
BUSTED: Obama is Holding Secret Meetings to OVERTAKE the White House,0
Texas law enforcement officer fatally shot upon arriving for work by 3 Muslim refugee. Do you support to deport them?,0
Hurricane Irene: ‘Photo’ of shark swimming in street is fake,0
BOMBSHELL: Internet Sleuths Just Found the SMOKING GUN on Dems Planning Violence in Charlottesville,0
New Regulation Requires 75 MPH Governor On All Motorcycles,0
Spicer: “Trump Has The Legal Right To Cancel SCOTUS Because They Serve At His Pleasure”,0
"BREAKING: FBI Just Raided The White House, 6 People Thrown Out",0
BREAKING: Conservative Icon Ted Nugent Killed In Hunting Accident,0
Melania Trump undergoes kidney surgery at Walter Reed medical center,0
"No, Sandra Bullock didn't disparage Hillary Clinton",0
Jimmy Carter: “Medical Marijuana Cured My Cancer”,0
"Obama, Not Donald Trump, May Be Invited to Royal Wedding of Prince Harry and Meghan Markle",0
"Seattle Police Begin Gun Confiscations: No Laws Broken, No Warrant, No Charges",0
Trey Gowdy Breaks His Silence After 2 Of His Investigators Are Found Tortured And Killed…,0
9 celebrities who say they'll move to Canada if Donald Trump becomes president,0
Malia Obama Arrested With A Gang Of Thugs In Chicago,0
Southwest Airlines 2017,0
Pro-Lifers Declare “Ejaculation Is Murder: Every Sperm Cell Is A Life”,0
"Somali Immigrant Crashes Car Into Ohio Families Home, Killing The Infant At Home",0
Post claiming free tickets on Allegiant Air,0
British Politician Beaten by Protestors for 'Welcoming Trump to the UK',0
Archbishop Desmond Tutu dies while holidaying in Texas,0
BREAKING: Trump Just Ended Welfare For One HUGE Group For 5 Years! – Let The Riots ERUPT!,0
"Executive Order Leads to Capture of ISIS Leader, Rasheed Muhammad",0
Eric Schneiderman Helped NXIVM Sell Child Sex Slaves To The Clintons,0
"Melania Trump: ‘If ISIS Lay A Finger On Barron, I’ll Scratch Obama’s Eyes Out’",0
BREAKING: FBI Issues Warrant For Obama’s Arrest After Confirming Illegal Trump Tower Wiretap,0
Chinese Lunar Rover Finds No Evidence Of American Moon Landings,0
WHOA! YouTube Witness Makes SHOCKING Admission On LIVE TV! CNN PULLS PLUG IMMEDIATELY! — ShareRED,0
THIS ARTICLE RETRACTED: Red Crescent Says No Evidence of Chemical Attack in Syria’s Douma,0
‘Smallville’ Star Confesses She Sold Children To Rothschilds And Clintons,0
Maxine Waters Is Getting Criminally Charged!,0
"THIS IS AMAZING: In 1984, the New York Times said Trump would be our BEST president…They forgot…..",0
The CNN porn scare is how fake news spreads,0
Breaking: Crew Of Air Force One Refuses To Fly Obama 6000 Miles ‘Just To Play Golf’ – BuzzfeedUSA,0
BREAKING: Federal Judge Grants Permission To Subpoena Trump,0
JUST IN: WaPo Reporter Who Broke News On Judge Roy Moore Story Has A Criminal History Of “Faking” * 100PercentFedUp.com,0
 Actress Emma Stone ‘For the first time in history we have a president that…,0
Lance Armstrong's defiant Twitter photo shows him relaxing with seven yellow jerseys,0
Pier 39 Terrorist Was an Anti-Trump Antifa Supporter,0
Bill Clinton’s Hitman Confesses On His Deathbed (SOURCE: HANNITY),0
WHITE SUPREMACIST WHO KILLED PROTESTER IS A DEMOCRAT AND VISITED OBAMA IN OVAL OFFICE (Updated 16.08.2017) – Newsfeed – Hasslefree allsorts,0
 What Adam Sandler is saying about Mormons,0
LAW PASSED: All Child Support in the United States Will End by Beginning of 2018,0
Alabama Secretary of State,0
"Hurricane Irma: If There Was Such A Thing As A Category 6 Hurricane, This Would Be It",0
BREAKING: PUTIN INTERFERENCE COULD GIVE COURTS LEGAL RIGHT TO MAKE HILLARY PRESIDENT,0
Texas Church Shooter Was Antifa Member Who Vowed To Start Civil War,0
dailynative.us,0
Australia Becomes First Country To Begin Microchipping Its Citizens,0
Clinton Body Count Series #5: Woman Set to Testify Against Clintons Blown Up in Home Explosion,0
Obama’s Tax- Skipping – Audit Shows Millions In Offshore Accounts,0
Washington State Legislature votes to change its name because George Washington owned Slaves,0
Kim Jong Un Dead: North Koreans Calling Trump An Assassin,0
Donald Trump signs a visa-free travel policy for Ghana,0
Bill Gates Outlines 2018 Plan To Depopulate The Planet,0
"Legendary Actor Kirk Douglas Dead, 4 Days Before His 101st Birthday",0
trueamericans.me -&nbspThis website is for sale! -&nbsptrueamericans Resources and Information.,0
BREAKING: Hillary Clinton Killed In Monster Truck Mishap,0
BREAKING: 2 Million Rounds Of Ammo That ‘Went Missing’ Under Obama Turns Up In Enemy Hands,0
"300,000 Pounds of Counterfeit Rat Meat Has Been Sold as Chicken Wings in The U.S.",0
Tulsa School closes after brutal fire.,0
BREAKING: Malia Obama SUSPENDED After Racist Anti-White Attack Goes Viral,0
McCain’s Death Bed Secret Just Came Out About Who He Killed After Skeleton Suddenly Resurfaces,0
ни чего нового как правильно,0
U.N. Official 'Accidentally' Crushes Own Throat Right Before Testifying Against Hillary Clinton,0
WE WILL RIOT! Michelle Obama’s Mom Will Receive $160k Every Year Out Of Taxpayers’ Pockets!,0
New Law Makes it Illegal to Shower and Do Laundry on Same Day,0
BREAKING: Laura Ingraham Just Fired!!,0
JUST IN TODAY: Trey Gowdy Is The NEW DIRECTOR Of The FBI!,0
BREAKING: Hilary Clinton Filed For Divorce In New York Courts!,0
Frequently Asked Questions,0
"South African firm ordered to lay off 3,389 white employees",0
Pope says that the rights of Muslim migrants trump any safety concerns that you might have with them in your country,0
A Trump fan was just charged with trying to murder Maxine Waters on same day Trump threatened her,0
IT BEGINS: California Appoints FIRST Illegal Alien to State Office – Trump Has Better Plan,0
Secret Service Agent Says Obama Is Muslim & Gay In New Tell-All Book,0
"I’ll Make Sure you are Jailed- Donald Trump Tells Ghana’s Prez Mahama ⋆ Ghana Home, Ghana News, Politics, Info, News on Ghana, Ghana",0
JUST IN: 45 States Just Banned Sharia Law. Do You Support This? – ChristmasGifts,0
President Trump Just Saved Christmas For 13 Million Retirees,0
CONFIRMED ! JUSTICE RUTH BADER GINSBURG IS RESIGNING FROM THE POST OF ASSOCIATE JUSTICE OF THE SUPREME COURT,0
FBI RAIDS OBAMA – Find Massive Secret That Was Hidden For YEARS,0
Fox News accidentally puts up a poll graphic that shows how they are the least trusted network,0
'The Daily Show's' Michelle Wolf Lands Her Own Netflix Late-Night Show (Exclusive),0
"Russian source behind Trump dossier killed in Russian plane crash, Rosatom CFO also dead. : conspiracy",0
Family's private investigator: There is evidence Seth Rich had contact with WikiLeaks prior to death,0
OBAMA’S PRIVATE ‘SECURITY’ COMPANY SETS UP MASSIVE CAMPS OUTSIDE 3 MAJOR CITIES,0
USDA approves slaughterhouses producing horse meat for human consumption,0
Delta Force Raids Obama Stronghold in Thailand,0
 accessed Aug 11,0
Bowe Bergdahl wanders off during court-martial — Duffel Blog,0
Iranian Official Drops Bombshell: Obama Secretly Gave Citizenship to 2500 Iranians as Part of Nuke Deal,0
"ISIS Lays Down Arms After Katy Perry’s Impassioned Plea To ‘Like, Just Co-Exist’",0
BREAKING: Supreme Court Sides With Trump–This Changes Everything!,0
"BREAKING: Barron Trump Rushed To The Hospital, Hospital Releases Statement On His Condition",0
International Arrest Warrant Issued for George Soros,0
George H.W. Bush has died at 94 – New York,0
Keanu on Trump travel ban: 'just terrible',0
 Wake Up America,0
Account Suspended,0
Police Discover Meth Lab In Back Room of Alabama Walmart,0
Florida passes bill legalizing recreational use of marijuana,0
Twitter Caught Leaking Donald Trump's Private Messages in Undercover Sting,0
Senate Report Admits Clinton ‘Gifted’ Children To Human Traffickers,0
Rubio: “Rape Victims Should Be In Custody If There Is Suspicion That They’re Planning Abortion”,0
Radical Muslims in Australia OFFENDED That Their Children Have to Sing the National Anthem,0
Rep. Paul Gosar Asks Capitol Police to Arrest Illegal Immigrants Attending State of the Union,0
WORSE THAN HITLER! Trey Gowdy’s Son Found In A Dumpster In DC! Murders Are Being Questioned!,0
"Donald Trump Protester Speaks Out: “I Was Paid $3,500 To Protest Trump’s Rally”",0
BREAKING: 3 Liberal Celebrities Arrested For Conspiracy To Assassinate President Trump,0
"Singer Dolly Parton: “Trump In One Year Is Already Better Than 16 Years’ of Bush, Obama ‘Put Together’, This Stupid Liberals Doing Everything To Impeach Him But We Standing With Trump now And Forever.",0
BUSTED: Russian Mansions Obama Seized Were Meant To Be Illegal Gifts To Sasha And Malia,0
Who is affected by the government shutdown?,0
Lindsey Graham Threatens To Convert To Democrat If Republicans Don’t Dump Trump – True Trumpers,0
ELECTORAL COLLEGE ELECTOR COMMITS SUICIDE TO AVOID VOTING FOR DONALD TRUMP,0
Sarah Palin Calls To Boycott Mall Of America Because “Santa Was Always White In The Bible”,0
Account Suspended,0
